{
    "metrics": {
        "curbside": {
            "precision": 0,
            "recall": 0.0,
            "f1": 0,
            "tp": 0,
            "fp": 0,
            "fn": 2,
            "total_gt": 2,
            "detected_as_any": 0
        },
        "dp_no_aisle": {
            "precision": 1.0,
            "recall": 1.0,
            "f1": 1.0,
            "tp": 1,
            "fp": 0,
            "fn": 0,
            "total_gt": 1,
            "detected_as_any": 1
        },
        "dp_one_aisle": {
            "precision": 0.9,
            "recall": 0.6428571428571429,
            "f1": 0.75,
            "tp": 9,
            "fp": 1,
            "fn": 5,
            "total_gt": 14,
            "detected_as_any": 14
        },
        "dp_two_aisle": {
            "precision": 0.75,
            "recall": 0.6,
            "f1": 0.6666666666666665,
            "tp": 3,
            "fp": 1,
            "fn": 2,
            "total_gt": 5,
            "detected_as_any": 5
        },
        "one_aisle": {
            "precision": 0.6333333333333333,
            "recall": 1.0,
            "f1": 0.7755102040816326,
            "tp": 19,
            "fp": 11,
            "fn": 0,
            "total_gt": 19,
            "detected_as_any": 19
        },
        "two_aisle": {
            "precision": 0.5,
            "recall": 1.0,
            "f1": 0.6666666666666666,
            "tp": 2,
            "fp": 2,
            "fn": 0,
            "total_gt": 2,
            "detected_as_any": 2
        },
        "overall": {
            "precision": 0.6305555555555555,
            "recall": 0.7071428571428572,
            "f1": 0.643140589569161
        },
        "all_classes_combined": {
            "precision": 0.8367346938775511,
            "recall": 0.9534883720930233,
            "f1": 0.8913043478260869,
            "tp": 41,
            "fp": 8,
            "fn": 2,
            "total_gt": 43,
            "detected_as_any": 41
        }
    },
    "width_stats": {
        "curbside": {
            "count": 0,
            "diffs": [],
            "abs_diffs": [],
            "rel_diffs": []
        },
        "dp_no_aisle": {
            "count": 1,
            "diffs": [
                1.8605006483899746
            ],
            "abs_diffs": [
                1.8605006483899746
            ],
            "rel_diffs": [
                15.660499897082577
            ],
            "mean": 1.8605006483899746,
            "mean_abs": 1.8605006483899746,
            "mean_rel": 15.660499897082577,
            "std_dev": 0.0,
            "min": 1.8605006483899746,
            "max": 1.8605006483899746,
            "histogram": {
                "counts": [
                    0,
                    0,
                    0,
                    0,
                    0,
                    1,
                    0,
                    0,
                    0,
                    0
                ],
                "bin_edges": [
                    1.3605006483899746,
                    1.4605006483899747,
                    1.5605006483899746,
                    1.6605006483899747,
                    1.7605006483899746,
                    1.8605006483899746,
                    1.9605006483899747,
                    2.060500648389975,
                    2.1605006483899745,
                    2.2605006483899746,
                    2.3605006483899746
                ]
            }
        },
        "dp_one_aisle": {
            "count": 14,
            "diffs": [
                0.3296804996037004,
                -0.06372957589951511,
                4.222887806083456,
                -3.236618229251448,
                -4.230520874445382,
                -4.169301036723496,
                0.17938067682368342,
                0.10810989563467288,
                -0.020335352135493423,
                0.06067138586888987,
                0.13528692630939787,
                0.08173300916011073,
                0.37359347271759447,
                0.1602265961367273
            ],
            "abs_diffs": [
                0.3296804996037004,
                0.06372957589951511,
                4.222887806083456,
                3.236618229251448,
                4.230520874445382,
                4.169301036723496,
                0.17938067682368342,
                0.10810989563467288,
                0.020335352135493423,
                0.06067138586888987,
                0.13528692630939787,
                0.08173300916011073,
                0.37359347271759447,
                0.1602265961367273
            ],
            "rel_diffs": [
                1.7516353996242153,
                -0.3343734261033691,
                22.352162803925594,
                -10.716440444474317,
                -14.62227975875359,
                -14.649570983008372,
                0.7369873666590876,
                0.4429518090732945,
                -0.08340801522052214,
                0.24884574714508584,
                0.56049927350281,
                0.33749318026434383,
                1.544250598954482,
                0.6587189426044244
            ],
            "mean": -0.4334953428655073,
            "mean_abs": 1.2408625240566835,
            "mean_rel": -0.8408948218433451,
            "std_dev": 2.0926562052950097,
            "min": -4.230520874445382,
            "max": 4.222887806083456,
            "histogram": {
                "counts": [
                    2,
                    1,
                    0,
                    0,
                    2,
                    8,
                    0,
                    0,
                    0,
                    1
                ],
                "bin_edges": [
                    -4.230520874445382,
                    -3.385180006392498,
                    -2.5398391383396146,
                    -1.694498270286731,
                    -0.8491574022338471,
                    -0.0038165341809630604,
                    0.84152433387192,
                    1.686865201924804,
                    2.532206069977688,
                    3.377546938030572,
                    4.222887806083456
                ]
            }
        },
        "dp_two_aisle": {
            "count": 5,
            "diffs": [
                0.3500297362785716,
                0.4217624661983308,
                -0.5573802442114335,
                0.23652352174858748,
                0.5711022914143129
            ],
            "abs_diffs": [
                0.3500297362785716,
                0.4217624661983308,
                0.5573802442114335,
                0.23652352174858748,
                0.5711022914143129
            ],
            "rel_diffs": [
                1.460350860010202,
                1.748483480450221,
                -2.3195726737531253,
                0.969585706657991,
                2.401205837221025
            ],
            "mean": 0.20440755428567386,
            "mean_abs": 0.4273596519702473,
            "mean_rel": 0.8520106421172627,
            "std_dev": 0.3960469904352062,
            "min": -0.5573802442114335,
            "max": 0.5711022914143129,
            "histogram": {
                "counts": [
                    1,
                    0,
                    0,
                    0,
                    0,
                    0,
                    0,
                    1,
                    2,
                    1
                ],