{
    "metrics": {
        "curbside": {
            "precision": 0,
            "recall": 0,
            "f1": 0,
            "tp": 0,
            "fp": 0,
            "fn": 0,
            "total_gt": 0,
            "detected_as_any": 0
        },
        "dp_no_aisle": {
            "precision": 1.0,
            "recall": 1.0,
            "f1": 1.0,
            "tp": 1,
            "fp": 0,
            "fn": 0,
            "total_gt": 1,
            "detected_as_any": 1
        },
        "dp_one_aisle": {
            "precision": 0.9,
            "recall": 0.5625,
            "f1": 0.6923076923076923,
            "tp": 9,
            "fp": 1,
            "fn": 7,
            "total_gt": 16,
            "detected_as_any": 14
        },
        "dp_two_aisle": {
            "precision": 1.0,
            "recall": 0.5,
            "f1": 0.6666666666666666,
            "tp": 2,
            "fp": 0,
            "fn": 2,
            "total_gt": 4,
            "detected_as_any": 4
        },
        "one_aisle": {
            "precision": 0.7419354838709677,
            "recall": 0.8214285714285714,
            "f1": 0.7796610169491526,
            "tp": 23,
            "fp": 8,
            "fn": 5,
            "total_gt": 28,
            "detected_as_any": 24
        },
        "two_aisle": {
            "precision": 0.0,
            "recall": 0,
            "f1": 0,
            "tp": 0,
            "fp": 3,
            "fn": 0,
            "total_gt": 0,
            "detected_as_any": 0
        },
        "overall": {
            "precision": 0.9104838709677419,
            "recall": 0.7209821428571428,
            "f1": 0.7846588439808779
        },
        "all_classes_combined": {
            "precision": 0.9148936170212766,
            "recall": 0.8775510204081632,
            "f1": 0.8958333333333333,
            "tp": 43,
            "fp": 4,
            "fn": 6,
            "total_gt": 49,
            "detected_as_any": 43
        }
    },
    "width_stats": {
        "curbside": {
            "count": 0,
            "diffs": [],
            "abs_diffs": [],
            "rel_diffs": []
        },
        "dp_no_aisle": {
            "count": 1,
            "diffs": [
                -0.03285651148954827
            ],
            "abs_diffs": [
                0.03285651148954827
            ],
            "rel_diffs": [
                -0.20585019449799188
            ],
            "mean": -0.03285651148954827,
            "mean_abs": 0.03285651148954827,
            "mean_rel": -0.20585019449799188,
            "std_dev": 0.0,
            "min": -0.03285651148954827,
            "max": -0.03285651148954827,
            "histogram": {
                "counts": [
                    0,
                    0,
                    0,
                    0,
                    0,
                    1,
                    0,
                    0,
                    0,
                    0
                ],
                "bin_edges": [
                    -0.5328565114895483,
                    -0.4328565114895483,
                    -0.33285651148954826,
                    -0.23285651148954822,
                    -0.13285651148954825,
                    -0.03285651148954827,
                    0.06714348851045182,
                    0.1671434885104518,
                    0.2671434885104518,
                    0.36714348851045175,
                    0.46714348851045173
                ]
            }
        },
        "dp_one_aisle": {
            "count": 14,
            "diffs": [
                -1.7687163987090706,
                -0.6465195830597672,
                0.18453242000530778,
                0.9338215747605716,
                -0.7737662931873075,
                -0.0694363963104152,
                2.4841104313454707,
                0.23040376121285888,
                0.6665095698181851,
                0.785647661383301,
                0.7514797440202514,
                1.5195355352720803,
                -2.940698307985233,
                2.1576756196388125
            ],
            "abs_diffs": [
                1.7687163987090706,
                0.6465195830597672,
                0.18453242000530778,
                0.9338215747605716,
                0.7737662931873075,
                0.0694363963104152,
                2.4841104313454707,
                0.23040376121285888,
                0.6665095698181851,
                0.785647661383301,
                0.7514797440202514,
                1.5195355352720803,
                2.940698307985233,
                2.1576756196388125
            ],
            "rel_diffs": [
                -6.296162667435472,
                -2.5700430233431018,
                0.6512249484986499,
                3.3655103205440953,
                -3.0954806770967624,
                -0.33847918450755343,
                9.962018564542415,
                1.1073671450772633,
                2.8384708120063786,
                4.0880794896735395,
                4.237899020785365,
                7.8744550093226175,
                -10.847312750613094,
                10.677699436293727
            ],
            "mean": 0.2510413813003604,
            "mean_abs": 1.136632378336331,
            "mean_rel": 1.5468033174105764,
            "std_dev": 1.4049910905998957,
            "min": -2.940698307985233,
            "max": 2.4841104313454707,
            "histogram": {
                "counts": [
                    1,
                    0,
                    1,
                    1,
                    1,
                    3,
                    3,
                    1,
                    1,
                    2
                ],
                "bin_edges": [
                    -2.940698307985233,
                    -2.398217434052163,
                    -1.8557365601190923,
                    -1.3132556861860218,
                    -0.7707748122529514,
                    -0.2282939383198812,
                    0.31418693561318944,
                    0.8566678095462601,
                    1.3991486834793303,
                    1.9416295574124005,
                    2.4841104313454707
                ]
            }
        },
        "dp_two_aisle": {
            "count": 4,
            "diffs": [
                0.1662087802274499,
                0.17852636106181308,
                1.8615542976251547,
                5.1342113650647505
            ],
            "abs_diffs": [
                0.1662087802274499,
                0.17852636106181308,
                1.8615542976251547,
                5.1342113650647505
            ],
            "rel_diffs": [
                0.5178749275904581,
                0.5584975603898837,
                5.250593168260787,
                13.235205333100847
            ],
            "mean": 1.835125200994792,
            "mean_abs": 1.835125200994792,
            "mean_rel": 4.890542747335494,
            "std_dev": 2.0257263975596937,
            "min": 0.1662087802274499,
            "max": 5.1342113650647505,
            "histogram": {
                "counts": [
                    2,
                    0,
                    0,
                    1,
                    0,
                    0,
                    0,
                    0,
                    0,
                    1
                ],
                "bin_edges": [
                    0.1662087802274499,
                    0.66300903871118,
                    1.15980929719491,
                    1.65660955567864,
                    2.1534098141623703,
                    2.6502100726461,
                    3.14701033112983,
                    3.6438105896135604,
                    4.140610848097291,
                    4.637411106581021,
                    5.1342113650647505
                ]
            }
        },
        "one_aisle": {
            "count": 24,